id,source_handle,post_url,author,posted_at,raw_content,fetched_at,processed
2.07661E+18,David_Ornstein,https://x.com/David_Ornstein/status/2076611884606771298,David Ornstein,2026-07-13T10:17:09Z,ðŸš¨ Youri Tielemans move from Aston Villa to Manchester United through Â£35m release clause in midfielderâ€™s contract. #AVFC had no wish to sell + offered new deal but left with little choice due to mechanism &amp; #MUFC set to proceed on transfer @TheAthleticFC https://t.co/KbWwD1jxov,,0
2.07661E+18,David_Ornstein,https://x.com/David_Ornstein/status/2076605204120711446,David Ornstein,2026-07-13T09:50:36Z,ðŸš¨ EXCLUSIVE: Manchester United in advanced talks to sign Youri Tielemans from Aston Villa. All parties in contact as #MUFC try to finalise - 29yo midfielder keen on move. Ederson deal off for now; #MUFC may look to revisit later this summer @TheAthleticFC https://t.co/KbWwD1jxov,,0
2.07489E+18,David_Ornstein,https://x.com/David_Ornstein/status/2074890242448892350,David Ornstein,2026-07-08T16:15:58Z,ðŸš¨ EXCL: Manchester United reach agreement with Chelsea to sign Andrey Santos. Deal for 22yo #CFC midfielder worth Â£48m + Â£2m easily achievable add-ons &amp; 10% sell-on clause. Permission given to undergo #MUFC medical; personal terms in place  @TheAthleticFC https://t.co/TY4qfwhHT4,,0
2.07377E+18,David_Ornstein,https://x.com/David_Ornstein/status/2073768132225737092,David Ornstein,2026-07-05T13:57:06Z,ðŸš¨ Manchester United exploring deal to sign Andrey Santos from Chelsea. No club talks yet - enquiries by multiple suitors to 22yoâ€™s agents. #MUFC keen but will depend on price. #CFC would not block move if suits all parties @TheAthleticFC after @Will_Unwin https://t.co/Tu9nemUkcG,,0
2.07259E+18,David_Ornstein,https://x.com/David_Ornstein/status/2072589348386521418,David Ornstein,2026-07-02T07:53:02Z,ðŸš¨ Sandro Tonali expected to sign 6yr contract until June 2032 in joining Tottenham Hotspur from Newcastle United for club-record Â£100m package. 26yo #NUFC midfielder arrives to UK this afternoon &amp; will take medical before sealing #THFC move @TheAthleticFC https://t.co/RYLbc535Yk,,0
2.07239E+18,David_Ornstein,https://x.com/David_Ornstein/status/2072387896003211488,David Ornstein,2026-07-01T18:32:32Z,ðŸš¨ EXCLUSIVE: Tottenham Hotspur reach agreement with Newcastle United to sign Sandro Tonali. Deal for 26yo Italy international to join #THFC from #NUFC Â£92.5m + Â£7.5m in potential add-ons based around multiple Champions League qualifications @TheAthleticFC https://t.co/dWEZtjFzFK,,0
2.0684E+18,David_Ornstein,https://x.com/David_Ornstein/status/2068401134578893104,David Ornstein,2026-06-20T18:30:34Z,ðŸš¨ EXCL: Tottenham Hotspur open talks with Newcastle United over deal for Sandro Tonali. Man City pursuit ongoing - #MCFC &amp; #THFC talking to 26yoâ€™s reps in bid to agree personal terms. But contacting #NUFC shows Spurs intent to get deal done @TheAthleticFC https://t.co/2LnAjY7hQ3,,0
2.06773E+18,David_Ornstein,https://x.com/David_Ornstein/status/2067732089693196304,David Ornstein,2026-06-18T22:12:01Z,ðŸš¨ Tottenham Hotspur among clubs keen on signing Mateus Fernandes from West Ham United - separate to #THFC pursuit of Sandro Tonali. Interest driven by Roberto De Zerbi; wants #WHUFC talent as well as #NUFC midfielder. W/ @DTathletic @SebSB @TheAthleticFC https://t.co/xnahVXnYAZ,,0
2.06683E+18,David_Ornstein,https://x.com/David_Ornstein/status/2066825396830519806,David Ornstein,2026-06-16T10:09:09Z,"ðŸš¨ Tottenham Hotspur want Sandro Tonali from Newcastle United. Positive talks between #THFC &amp; 26yo; no contact yet with #NUFC. Transfer fee bigger challenge than player deal. De Zerbi driving pursuit, backed by ownership @TheAthleticFC post @FabrizioRomano https://t.co/6BYQwDPHfU",,0
1.86584E+18,David_Ornstein,https://x.com/David_Ornstein/status/1865843941355946151,David Ornstein,2024-12-08T19:40:35Z,"ðŸš¨ Liverpool make opening contract offer to Mohamed Salah. Does not mean agreement done or close (any outcome expected to take time) but Salah, Virgil van Dijk, Trent Alexander-Arnold have all now received proposals + talks with #LFC ongoing @TheAthleticFC https://t.co/9pxoQ3jWEv",,0
1.8643E+18,David_Ornstein,https://x.com/David_Ornstein/status/1864297509645930670,David Ornstein,2024-12-04T13:15:37Z,ðŸš¨ EXCL: Liverpool have made a contract offer to Virgil van Dijk. Opening proposal some time ago - no breakthrough yet on deal value or length but talks continue. Salah offer anticipated soon. #LFC dialogue also ongoing with Alexander-Arnold @TheAthleticFC https://t.co/olKqkHoM4B,,0
1.83054E+18,David_Ornstein,https://x.com/David_Ornstein/status/1830542448235274256,David Ornstein,2024-09-02T09:45:04Z,"ðŸš¨ Arsenal turned down Al Ittihad verbal offer for Leandro Trossard yesterday: loan (â‚¬5m), buy obligation (â‚¬20-25m). Informal bid + #AFC made clear not for sale. Long-term deal, key part of squad &amp; no chance to replace @TheAthleticFC post @FabrizioRomano https://t.co/QrdPrW4asG",,0
1.8209E+18,David_Ornstein,https://x.com/David_Ornstein/status/1820902886597128366,David Ornstein,2024-08-06T19:20:53Z,ðŸš¨ Julian Alvarez has agreed personal terms ahead of proposed move from Manchester City to Atletico Madrid. Approval of 24yo Argentina striker was key final step after deal struck between #Atletico &amp; #MCFC worth up to â‚¬95m. With @SamLee for @TheAthleticFC https://t.co/Z0BQVXlNaz https://t.co/nglDsh1V2Z,,0
1.82073E+18,David_Ornstein,https://x.com/David_Ornstein/status/1820733415441756342,David Ornstein,2024-08-06T08:07:28Z,ðŸš¨ Atletico Madrid reach total agreement with Manchester City to sign Julian Alvarez. Deal worth up to â‚¬95m including add-ons- roughly ~Â£82m. Club record sale for #MCFC. 24yo has to finalise personal terms prior to completing #Atletico move @TheAthleticFC https://t.co/lnoQZGUDGP,,0
1.82048E+18,David_Ornstein,https://x.com/David_Ornstein/status/1820481152450535729,David Ornstein,2024-08-05T15:25:04Z,ðŸš¨ Julian Alvarez progress has resulted in Atletico Madrid softening stance on Samu Omorodion sale + Chelsea working on deal to sign 20yo striker for ~â‚¬40m. Independent of Lukaku / Osimhen talks between #CFC &amp; Napoli - expected to continue @TheAthleticFC https://t.co/5PCZMsAETj,,0
1.82048E+18,David_Ornstein,https://x.com/David_Ornstein/status/1820480131842052513,David Ornstein,2024-08-05T15:21:00Z,ðŸš¨ EXCLUSIVE: Atletico Madrid close to striking deal with Man City to sign Julian Alvarez. Not fully agreed but now in sight - clubs negotiating final price &amp; payment terms. Would be at least 5x Â£14m #MCFC paid in 2022 + 24yo keen on #Atleti @TheAthleticFC https://t.co/5PCZMsAETj,,0
1.80423E+18,David_Ornstein,https://x.com/David_Ornstein/status/1804228844192141533,David Ornstein,2024-06-21T19:04:12Z,"ðŸš¨ EXCLUSIVE: Michael Olise has chosen to join Bayern Munich. #FCBayern among 3 clubs (+ Chelsea / Newcastle) to contact Crystal Palace last week &amp; now expected to agree deal with #CPFC for 22yo winger, whose contract includes release clause @TheAthleticFC https://t.co/xy2LCR92kE",,0
1.80422E+18,David_Ornstein,https://x.com/David_Ornstein/status/1804224333784776890,David Ornstein,2024-06-21T18:46:16Z,ðŸš¨ EXCL: Chelsea withdraw from race to sign Crystal Palace winger Michael Olise. #CFC held talks with #CPFC + 22yo but felt finances involved beyond reach - instead plan to reward existing players &amp; new recruits (expected to add 2 attackers) @TheAthleticFC https://t.co/IjfozT7gEX,,0
1.80126E+18,David_Ornstein,https://x.com/David_Ornstein/status/1801263279894901220,David Ornstein,2024-06-13T14:40:06Z,ðŸš¨ Newcastle United + Bayern Munich contact Crystal Palace over possibility of signing Michael Olise. #NUFC &amp; #FCBayern expressed interest on Wednesday before Chelsea today. All sought permission to speak with 22yo France youth wingerâ€™s camp @TheAthleticFC https://t.co/O1NhA9r5YA,,0
1.80126E+18,David_Ornstein,https://x.com/David_Ornstein/status/1801258241634005503,David Ornstein,2024-06-13T14:20:05Z,ðŸš¨ Chelsea contact Crystal Palace about signing Michael Olise. #CFC expressed interest in 22yo winger + requested permission to talk with reps (#CPFC deal includes ~Â£60m release clause). Other clubs retain strong interest @TheAthleticFC after @MirrorDarren https://t.co/O1NhA9r5YA,,0
1.78489E+18,David_Ornstein,https://x.com/David_Ornstein/status/1784889148580466822,David Ornstein,2024-04-29T10:15:09Z,ðŸš¨ EXCL: Liverpool expect Mo Salah to stay &amp; are planning with him for at least another campaign. 31yo has given no indication of wanting out + contract to be addressed in due course. Saudi view is Salah intends to remain at #LFC next season @TheAthleticFC https://t.co/acKNoAt6yM,,0
1.69908E+18,David_Ornstein,https://x.com/David_Ornstein/status/1699080111260062006,David Ornstein,2023-09-05T15:20:40Z,"ðŸš¨ Jordan Henderson insists Liverpool owners have â€œbest interests of club at heartâ€, achievements â€œremarkableâ€ &amp; â€œonly positive things to sayâ€
âž• Pushed for Bellingham signing
âž• Salah to make â€œbig impactâ€ at #LFC or in #SPL
W/ @AdamCrafton_ @TheAthleticFC https://t.co/UbIxbZ6ftA",,0
1.69757E+18,David_Ornstein,https://x.com/David_Ornstein/status/1697572570155864541,David Ornstein,2023-09-01T11:30:14Z,"ðŸš¨ EXCLUSIVE: Liverpool reject verbal bid worth more than Â£100m + substantial add-ons from Saudi Pro League to sign Mohamed Salah for Al Ittihad. Proposal made on amicable call to Mike Gordon last night. #LFC view as case closed, #SPL do not @TheAthleticFC https://t.co/lHbEJ3yLGZ",,0
1.69473E+18,David_Ornstein,https://x.com/David_Ornstein/status/1694728804835766777,David Ornstein,2023-08-24T15:10:08Z,ðŸš¨ Al-Ittihad have a concrete interest in signing Mohamed Salah from Liverpool. Saudi Pro League club making a renewed attempt to recruit 31yo Egypt international forward. Unclear at this stage if a move will materialise @TheAthleticFC #LFC #AlIttihad #SPL https://t.co/1SVO8kgxo1,,0
1.69352E+18,David_Ornstein,https://x.com/David_Ornstein/status/1693523575230136622,David Ornstein,2023-08-21T07:20:59Z,"ðŸš¨ Michael Olise contract a huge boost to Crystal Palace. Chelsea moved to activate release clause in old deal but it had to be done by player. #CPFC resisted, 21yo chose to stay + #CFC backed off after amicable talks. W/ @MattWoosie @TheAthleticFC #CRYARS https://t.co/KYrhPkxiCC",,0
1.69145E+18,David_Ornstein,https://x.com/David_Ornstein/status/1691450268205150209,David Ornstein,2023-08-15T14:02:24Z,ðŸš¨ Chelsea believed to have activated release clause in Michael Olise contract &amp; expect to complete signing in due course. If deal finalised it would guarantee Crystal Palace Â£35m. 21yo recovering from injury @TheAthleticFC after @FabriceHawkins #CFC #CPFC https://t.co/ImsKrsvLvZ,,0
1.68851E+18,David_Ornstein,https://x.com/David_Ornstein/status/1688510420145848320,David Ornstein,2023-08-07T11:20:29Z,ðŸš¨ West Ham reach verbal agreement with Ajax for Edson Alvarez. Deal Â£32m / ~â‚¬40m including add-ons + sell-on clause. Once offer formalised 24yo will be granted permission to do medical + sign 5yr contract @TheAthleticFC after @FabrizioRomano #WHUFC #Ajax https://t.co/AXMZhTMLok,,0
1.6798E+18,David_Ornstein,https://x.com/David_Ornstein/status/1679804805324189697,David Ornstein,2023-07-14T10:47:29Z,ðŸš¨ West Ham have contacted Ajax to express interest in signing Edson Alvarez. No bid yet - expected to follow. #Ajax want ~Â£35-40m. #WHUFC targeting 25yo Mexico international to bolster side in wake of Declan Riceâ€™s impending move to Arsenal @TheAthleticFC https://t.co/7p9vlESaVq,,0
1.6719E+18,David_Ornstein,https://x.com/David_Ornstein/status/1671899949074661376,David Ornstein,2023-06-22T15:16:24Z,"âš½ï¸ Man City rival Arsenal in Declan Rice pursuit #WHUFC #AFC #MCFC

âš½ï¸ Man Utd continue effort to secure Chelseaâ€™s Mason Mount #MUFC #CFC

âž• Kane future, Rashford contract &amp; Tonali deal #NUFC #ACMilan #THFC

ðŸ“º https://t.co/HppzIS4b45

ðŸ¤ W/ @OliviaBuzaglo @FIVEUK @TheAthleticFC https://t.co/9MM4Fm1CFl",,0
1.67155E+18,David_Ornstein,https://x.com/David_Ornstein/status/1671554464484827137,David Ornstein,2023-06-21T16:23:34Z,"ðŸš¨ Newcastle close to agreement with AC Milan to sign Italy international Sandro Tonali for fee in region of â‚¬70m. Subject to final negotiations for 23yo, #NUFC would be landing Eddie Howeâ€™s top midfield target. W/ @JamesHorncastle @TheAthleticFC #ACMilan https://t.co/Mrk197s7if",,0
1.6698E+18,David_Ornstein,https://x.com/David_Ornstein/status/1669798299920998400,David Ornstein,2023-06-16T20:05:12Z,"ðŸš¨ Chelsea have agreed terms with Nicolas Jackson + intend to strike deal with Villarreal. â‚¬35m clause if needed. 21yo striker has committed
âž• #BHAFC rejected Â£60m #CFC Caicedo bid 2wks ago - Lavia, Kone, Tonali, Barella among alternatives @TheAthleticFC https://t.co/QzVo5uG2Cn",,0
1.66757E+18,David_Ornstein,https://x.com/David_Ornstein/status/1667570071844077572,David Ornstein,2023-06-10T16:31:01Z,ðŸš¨ EXCL: Aston Villa have agreed a deal to sign Youri Tielemans. Doing medical before finalising contract. 26yo midfielder set to join as free agent after Leicester deal expired. #AVFC overcame plenty of competition for Belgium international @TheAthleticFC https://t.co/icWVeVNvqg,,0
1.62037E+18,David_Ornstein,https://x.com/David_Ornstein/status/1620372679772749825,David Ornstein,2023-01-31T10:45:26Z,ðŸš¨ Still no Chelsea / Benfica deal for Enzo Fernandez. Contract done but #CFC wonâ€™t go beyond â‚¬120m clause so structure &amp; terms key. Chelsea continue to monitor options for 1/2 permanent signings now/summer + have Santos. Jorginho unrelated @TheAthleticFC https://t.co/6fK3jlyB8J,,0
1.6161E+18,David_Ornstein,https://x.com/David_Ornstein/status/1616103212024754176,David Ornstein,2023-01-19T16:00:06Z,ðŸš¨ Arsenal have reached an agreement with Brighton &amp; Hove Albion to sign Leandro Trossard. Fee #AFC will be paying #BHAFC understood to be Â£27m. Subject to normal processes 28yo Belgium internationalâ€™s move now being described as â€˜done dealâ€™ @TheAthleticFC https://t.co/MbZR8Lt8XR,,0
1.61601E+18,David_Ornstein,https://x.com/David_Ornstein/status/1616008081854599168,David Ornstein,2023-01-19T09:42:05Z,ðŸš¨ Arsenal working on a deal to sign Leandro Trossard from Brighton &amp; Hove Albion. Clubs in talks - no agreement yet but 28 Belgium international attacker among those #AFC considering &amp; situation developing @TheAthleticFC after @FabrizioRomano scoop #BHAFC https://t.co/90cgc3C8Ya,,0
1.61172E+18,David_Ornstein,https://x.com/David_Ornstein/status/1611715914269089798,David Ornstein,2023-01-07T13:26:32Z,ðŸš¨ EXCL: Roberto Martinez has reached verbal agreement to become Portugal coach. Appointment as Fernando Santos successor likely to be finalised towards end of next week. 49yo Spaniard has had club + intâ€™l interest since leaving Belgium role @TheAthleticFC https://t.co/8sC6PhvdC3,,0
1.56924E+18,David_Ornstein,https://x.com/David_Ornstein/status/1569239582020931594,David Ornstein,2022-09-12T08:20:46Z,"ðŸš¨ Arsenal head of emerging talent Yousuf Sajjad to leave role #AFC after 3yrs. Helped sign likes of Reuell Walters, Mika Biereth, Salah Oulad M'Hand, Lino Sousa. Goes on good terms + starts new role in recruitment at another club next month @TheAthleticUK https://t.co/emBZY0l03B",,0
1.56505E+18,David_Ornstein,https://x.com/David_Ornstein/status/1565050277027274753,David Ornstein,2022-08-31T18:53:57Z,ðŸš¨ Chelsea have made an offer to sign Ajax defensive midfielder Edson Alvarez. #CFC interest raised today &amp; â‚¬50m (inc add-ons) bid submitted as @MikeVerweij reports. 24yo Mexico intâ€™l targeted to strengthen No6 area. W/ @SJohnsonSport @TheAthleticUK #Ajax https://t.co/ldbqCaawXK,,0
2.0773E+18,FabrizioRomano,https://x.com/FabrizioRomano/status/2077302147973280071,Fabrizio Romano,2026-07-15T08:00:01Z,"ðŸš¨ðŸ”´âšªï¸ Christos Tzolis didnâ€™t open to any other club approaching his camp:
he wants Arsenal move.

Club to club talks soon with Club Brugge as Tzolis has always been seen as ideal candidate to replace Trossard. https://t.co/gWCe7B4B95",,0
2.07726E+18,FabrizioRomano,https://x.com/FabrizioRomano/status/2077257427414646841,Fabrizio Romano,2026-07-15T05:02:18Z,"RT @FabrizioRomano: ðŸš¨ðŸ”´âšªï¸ Arsenal are waiting for Leandro Trossardâ€™s final green light to Besiktas to bring in new winger.

Christos Tzolis wants the move and put another proposal on hold to wait for #AFC.

Morgan Rogers remains top target in a separate move.

ðŸŽ¥âž• https://t.co/APf2Gtxhib https://t.co/DgOFyFWZLO",,0
2.07711E+18,FabrizioRomano,https://x.com/FabrizioRomano/status/2077108871135408548,Fabrizio Romano,2026-07-14T19:12:00Z,"ðŸš¨ Manchester United are reaching out to defensive midfieldersâ€™ agents ahead of next signing, a DM after Santos and Tielemans.

Manu Kone among players being mentioned in internal talks and with initial approach on player side; not the only one.

ðŸŽ¥ https://t.co/KbpN6SxXNE https://t.co/iFsXvHza1n",,0
2.07702E+18,FabrizioRomano,https://x.com/FabrizioRomano/status/2077024218479268027,Fabrizio Romano,2026-07-14T13:35:37Z,"RT @FabrizioRomano: ðŸš¨ðŸ‡§ðŸ‡ª Youri Tielemans has completed his medical and signs today at Man United.

Understand the agreement will be valid until June 2031, five years.

Done and sealed. https://t.co/BUanIRheKv",,0
2.07693E+18,FabrizioRomano,https://x.com/FabrizioRomano/status/2076929690028146931,Fabrizio Romano,2026-07-14T07:20:00Z,"ðŸš¨ðŸ‡§ðŸ‡ª Youri Tielemans has completed his medical and signs today at Man United.

Understand the agreement will be valid until June 2031, five years.

Done and sealed. https://t.co/BUanIRheKv",,0
2.07676E+18,FabrizioRomano,https://x.com/FabrizioRomano/status/2076763309013975347,Fabrizio Romano,2026-07-13T20:18:51Z,"RT @FabrizioRomano: ðŸš¨âšªï¸âš«ï¸ BREAKING: Leandro Trossard to Besiktas, here we go! Deal approved right now by Belgian winger.

Arsenal receive â‚¬18m plus â‚¬2m add-ons as #AFC already accepted terms last week.

Trossard will be in Istanbul tomorrow night for medical and contract signing. ðŸ¦… https://t.co/sEOe0XeRbv",,0
2.07676E+18,FabrizioRomano,https://x.com/FabrizioRomano/status/2076758748429726052,Fabrizio Romano,2026-07-13T20:00:44Z,"ðŸš¨âšªï¸âš«ï¸ BREAKING: Leandro Trossard to Besiktas, here we go! Deal approved right now by Belgian winger.

Arsenal receive â‚¬18m plus â‚¬2m add-ons as #AFC already accepted terms last week.

Trossard will be in Istanbul tomorrow night for medical and contract signing. ðŸ¦… https://t.co/sEOe0XeRbv",,0
2.07676E+18,FabrizioRomano,https://x.com/FabrizioRomano/status/2076755909699608788,Fabrizio Romano,2026-07-13T19:49:27Z,"âšªï¸âš«ï¸ðŸ‡¹ðŸ‡· Besiktas remain locked in talks with Leandro Trossardâ€™s camp to sort details and try get playerâ€™s final green light to the move.

Arsenal have already authorized travel and medical. Up to Leandro. https://t.co/ZGPF12YCK0",,0
2.07674E+18,FabrizioRomano,https://x.com/FabrizioRomano/status/2076741459449962563,Fabrizio Romano,2026-07-13T18:52:02Z,"ðŸš¨ðŸ‡§ðŸ‡ª Youri Tielemans, on his way to Manchester for first part of medical in next 24 hours.

Man United closed deal in the morning by triggering Â£35m release clause. ðŸ”

Tielemans will then sign a long term deal at #MUFC, ready and excited about his dream move. https://t.co/k8yPU0WrUH",,0
2.07662E+18,FabrizioRomano,https://x.com/FabrizioRomano/status/2076624297330680081,Fabrizio Romano,2026-07-13T11:06:28Z,"ðŸš¨2ï¸âƒ£ Manchester United to announce both new midfield signings soon for Â£85m total fee add-ons included.

ðŸ‡§ðŸ‡ª Tielemans, medical tomorrow, Â£35m.
ðŸ‡§ðŸ‡· Andrey Santos, medical done and deal signed, Â£50m.

âŒ Ã‰derson, off since Friday despite denials.

ðŸŽ¥âž• https://t.co/WoEVqrEWEM https://t.co/dnkVuSMWxS",,0
2.07662E+18,FabrizioRomano,https://x.com/FabrizioRomano/status/2076617108184617262,Fabrizio Romano,2026-07-13T10:37:54Z,"ðŸš¨ðŸ‡§ðŸ‡ª Manchester United book a medical for Youri Tielemans this week ahead of transfer for â‚¬41m release clause activated today.

Andrey Santos already signed + Tielemans next. ðŸ”¥ https://t.co/h71gEEsAYe",,0
2.07649E+18,FabrizioRomano,https://x.com/FabrizioRomano/status/2076485299555721465,Fabrizio Romano,2026-07-13T01:54:09Z,"RT @FabrizioRomano: ðŸš¨ðŸ”µâšªï¸ EXCLUSIVE: Brighton agree deal to sign Luka VuÅ¡koviÄ‡ from Tottenham, here we go! ðŸ’£

Â£46m fixed fee plus sell-on clause to bring the potential package over Â£50m. Massive signing for #BHAFC after personal terms also agreed.

ðŸ’£ Spurs ready to go ALL IN for Sandro Tonali. https://t.co/4ZzqsvM223",,0
2.07641E+18,FabrizioRomano,https://x.com/FabrizioRomano/status/2076409611033235617,Fabrizio Romano,2026-07-12T20:53:23Z,"ðŸš¨ðŸ”´âšªï¸ Arsenal are waiting for Leandro Trossardâ€™s final green light to Besiktas to bring in new winger.

Christos Tzolis wants the move and put another proposal on hold to wait for #AFC.

Morgan Rogers remains top target in a separate move.

ðŸŽ¥âž• https://t.co/APf2Gtxhib https://t.co/DgOFyFWZLO",,0
2.07635E+18,FabrizioRomano,https://x.com/FabrizioRomano/status/2076345873202610393,Fabrizio Romano,2026-07-12T16:40:07Z,"ðŸš¨âš«ï¸âšªï¸ Besiktas are confident to seal all details of Leandro Trossard deal in few days.

Agreement done with Arsenal at â‚¬20m total package confirmed by #AFC. ðŸ«±ðŸ»â€ðŸ«²ðŸ¼

Deal until 2029 plus option offered, as @yagosabuncuoglu reports.

Final green light needed from Trossard. ðŸ‡¹ðŸ‡· https://t.co/bwAJr8USrK",,0
2.07593E+18,FabrizioRomano,https://x.com/FabrizioRomano/status/2075932237439054083,Fabrizio Romano,2026-07-11T13:16:29Z,"RT @FabrizioRomano: ðŸš¨ Understand Chelsea value Garnacho at â‚¬50m for clubs abroad and Â£45m for PL clubs.

#CFC ready to let him leave on permanent deal this summer.

Garnacho is NOT training under Xabi Alonso as Chelsea work closely with his camp to find solution on exit, same as Andrey Santos. https://t.co/LKXuFCilKc",,0
2.07591E+18,FabrizioRomano,https://x.com/FabrizioRomano/status/2075907208093614523,Fabrizio Romano,2026-07-11T11:37:01Z,"ðŸš¨ Understand Chelsea value Garnacho at â‚¬50m for clubs abroad and Â£45m for PL clubs.

#CFC ready to let him leave on permanent deal this summer.

Garnacho is NOT training under Xabi Alonso as Chelsea work closely with his camp to find solution on exit, same as Andrey Santos. https://t.co/LKXuFCilKc",,0
2.07572E+18,FabrizioRomano,https://x.com/FabrizioRomano/status/2075723025413013743,Fabrizio Romano,2026-07-10T23:25:08Z,"ðŸš¨ðŸ‡§ðŸ‡· More on Ã‰derson deal off exclusive story.

Atalanta are ready to welcome back their midfielder believing heâ€™s fully fit and ready to play.

Manchester United will still sign at least another midfielder after Andrey Santos. ðŸ†•

ðŸŽ¥âž• https://t.co/IzroXOb4rH https://t.co/sLnheojipN",,0
2.07567E+18,FabrizioRomano,https://x.com/FabrizioRomano/status/2075674879366459666,Fabrizio Romano,2026-07-10T20:13:50Z,@thfc_rz I told you Tonali first and he arrived. Iâ€™m just telling you there are zero talks with LeÃ£o so far.,,0
2.07528E+18,FabrizioRomano,https://x.com/FabrizioRomano/status/2075281143151153482,Fabrizio Romano,2026-07-09T18:09:16Z,"ðŸš¨ðŸ‡§ðŸ‡· Andrey Santos has just completed a successful medical as new Manchester United player.

Clubs signed all documents for Â£50m packate deal.

Andrey signs tomorrow, Friday on deal until June 2031 plus option at #MUFC. https://t.co/OvWuK96d6y",,0
2.07491E+18,FabrizioRomano,https://x.com/FabrizioRomano/status/2074908037454663883,Fabrizio Romano,2026-07-08T17:26:40Z,"ðŸš¨ðŸ‡§ðŸ‡· Andrey Santos will be in Manchester for medical tests and contract signing in the nexr 24 hours.

Chelsea have authorized medical tests for Santos on Thursday in Manchester. ðŸ”´ðŸ©º https://t.co/UAKe26DHIS",,0
2.0749E+18,FabrizioRomano,https://x.com/FabrizioRomano/status/2074901413021258051,Fabrizio Romano,2026-07-08T17:00:21Z,"ðŸš¨ðŸ”´ Andrey Santos to Manchester United, here we go! Deal in place with medical now booked in next 24h for Brazilian midfielder.

#MUFC to pay Â£50m matching price asked by Chelsea plus 10% sell-on clause.

Contract until June 2031 to be signed tomorrow â€” follows @David_Ornstein. https://t.co/l0o2LFXBtC",,0
2.07469E+18,FabrizioRomano,https://x.com/FabrizioRomano/status/2074694609918099965,Fabrizio Romano,2026-07-08T03:18:35Z,"ðŸš¨ðŸ‡ªðŸ‡¬ Mo Salah now expected to assess and review offers ahead of next step of his career.

Saudi Pro League but also MLS clubs are keen on Salah. ðŸ‘€

ðŸŽ¥âž• https://t.co/aYFuisespd https://t.co/jTF5T89doI",,0
2.07377E+18,FabrizioRomano,https://x.com/FabrizioRomano/status/2073769150439096451,Fabrizio Romano,2026-07-05T14:01:08Z,"ðŸš¨ðŸ”´ Manchester United made enquiry to be informed on Andrey Santos situation for midfield, as The Guardian reported.

Initial talks on player side but no approach or bid to Chelsea yet.

Understand #CFC consider Andrey NOT untouchable if a good proposal arrives. https://t.co/crQGMPXO2v",,0
2.07262E+18,FabrizioRomano,https://x.com/FabrizioRomano/status/2072624294727766397,Fabrizio Romano,2026-07-02T10:11:54Z,"âœˆï¸âšªï¸ Sandro Tonali, on his way to London to undergo medical and sign at Tottenham.

Here with Giuseppe Riso, with FIFA agent Marianna Mecacci and with his wife. ðŸ‡®ðŸ‡¹ https://t.co/uj4cXmjtcn",,0
2.07256E+18,FabrizioRomano,https://x.com/FabrizioRomano/status/2072558759084224856,Fabrizio Romano,2026-07-02T05:51:29Z,ðŸš¨âœˆï¸ Understand Sandro Tonali will be in London today with agents and family to undergo medical at Tottenham. https://t.co/v4FhqPZATG,,0
2.07239E+18,FabrizioRomano,https://x.com/FabrizioRomano/status/2072387786452127972,Fabrizio Romano,2026-07-01T18:32:06Z,"ðŸš¨ðŸ’£ EXCLUSIVE: Tottenham agree record deal to sign Sandro Tonali from Newcastle, HERE WE GO! ðŸ’¥

Agreement between clubs closed and also on player side with the Italian midfielder. ðŸ‡®ðŸ‡¹

Fee higher than Â£85m paid for Mateus Fernandes. https://t.co/jWcup0mfk6",,0
2.07233E+18,FabrizioRomano,https://x.com/FabrizioRomano/status/2072333141776212143,Fabrizio Romano,2026-07-01T14:54:57Z,"ðŸš¨ðŸ”µâšªï¸ EXCLUSIVE: Brighton agree deal to sign Luka VuÅ¡koviÄ‡ from Tottenham, here we go! ðŸ’£

Â£46m fixed fee plus sell-on clause to bring the potential package over Â£50m. Massive signing for #BHAFC after personal terms also agreed.

ðŸ’£ Spurs ready to go ALL IN for Sandro Tonali. https://t.co/4ZzqsvM223",,0
2.07231E+18,FabrizioRomano,https://x.com/FabrizioRomano/status/2072307796285030448,Fabrizio Romano,2026-07-01T13:14:14Z,"ðŸš¨âšªï¸ Tottenham and Newcastle remain locked in talks for Sandro Tonali, after the exclusive story in June out of nowhere.

He remains the top target for #THFC even after Mateus Fernandes deal done.

Negotiations underway with Archie Gray bid rejected separate story. https://t.co/a55QD3UgSO",,0
2.07025E+18,FabrizioRomano,https://x.com/FabrizioRomano/status/2070245469159067781,Fabrizio Romano,2026-06-25T20:39:17Z,"ðŸš¨âŒ Neymar Jr wonâ€™t be joining Cincinnati in MLS after the World Cup, as @tombogert reports.

Negotiations already off for some time.

No agreement, Neymar considering already different options. Talks with Santos/more clubs to take place post World Cup.

Full focus on World Cup. https://t.co/C5FPiYeALo",,0
2.0693E+18,FabrizioRomano,https://x.com/FabrizioRomano/status/2069299415740010972,Fabrizio Romano,2026-06-23T06:00:01Z,"ðŸŽ§ New â€˜Here we goâ€™ podcast on World Cup &amp; transfers @MenInBlazers.

â—‰ Arsenal keep working on Morgan Rogers deal.
â—‰ Liverpool set to return to the table for Yan DiomandÃ©.
â—‰ Summerville battle, Saibari and Casemiro sealed.
â—‰ Pulisic, Olise, Enzo...

ðŸŽ¥ https://t.co/7genkLFc8r https://t.co/RyYH3HRkMZ",,0
2.06843E+18,FabrizioRomano,https://x.com/FabrizioRomano/status/2068425400389177489,Fabrizio Romano,2026-06-20T20:06:59Z,"ðŸš¨ More on Tonali and Spurs exclusive story.

Tottenham bid was sent 3 days ago, rejected by Newcastle.

Â£75m were never gonna be enough but part of the plan; talks have been underway since then with #THFC determined to get the deal done.

Spurs keep pushing. De Zerbi wants him. https://t.co/fyrIAVOGKh",,0
2.0684E+18,FabrizioRomano,https://x.com/FabrizioRomano/status/2068401755553939782,Fabrizio Romano,2026-06-20T18:33:02Z,"âšªï¸â¬‡ï¸ðŸ‡®ðŸ‡¹ Tottenham and Sandro Tonali, deal on as revealed exclusively four days ago. ðŸ”›",,0
2.06837E+18,FabrizioRomano,https://x.com/FabrizioRomano/status/2068366839789338782,Fabrizio Romano,2026-06-20T16:14:17Z,"ðŸš¨ OFFICIAL: Real Madrid statement deny any agreement on personal terms with Michael Olise, pointing at relationship with FC Bayern.

â€œIn response to reports in various media outlets regarding an alleged interest from our club in Bayern Munich player Michael Olise, Real Madrid CF wishes to state that it has not had any direct or indirect contact with the aforementioned player, his representatives, or anyone in his entourage.

Real Madrid also wishes to highlight the excellent institutional relationship it maintains with Bayern Munich, with whom it shares a long history of mutual respect, collaboration and admiration, and regrets the spread of speculation that does not correspond to reality.

Both clubs have always maintained a relationship based on trust and mutual respect, which is reflected, among other aspects, in the shared conviction that any potential interest in a player belonging to the other club must be dealt with first between the entities themselves, in accordance with the principles of institutional loyalty that have historically governed the relations between Bayern Munich and Real Madridâ€.",,0
2.06823E+18,FabrizioRomano,https://x.com/FabrizioRomano/status/2068227851430842523,Fabrizio Romano,2026-06-20T07:02:00Z,"ðŸš¨ Mateus Fernandes talks continue as Man United have been in direct contact with his camp and West Ham for weeks.

Tottenham also called playerâ€™s agent to try enter the deal, separate story from Tonali â€” for the Italian #THFC remain confident.

ðŸŽ¥âž• https://t.co/FHEJIeQaqa https://t.co/VvtylQ7ceM",,0
2.07745E+18,JacobsBen,https://x.com/JacobsBen/status/2077448291520790613,Ben Jacobs,2026-07-15T17:40:44Z,Leandro Trossard has now completed his move to BeÅŸiktaÅŸ from Arsenal on a 3+1 contract.âœï¸ https://t.co/cfDn1km44Z,,0
2.07709E+18,JacobsBen,https://x.com/JacobsBen/status/2077088971897676049,Ben Jacobs,2026-07-14T17:52:56Z,"Manchester United confirm Youri Tielemans has joined from Aston Villa on a five-year contract. Â£35m fee.ðŸ‡§ðŸ‡ª

ðŸ—£ï¸ Tielemans: â€œItâ€™s hard to describe just how proud I am to join Manchester United. Signing for such a special club feels incredible, it is the culmination of years of dedication since I first fell in love with football.

â€œI have had the privilege of experiencing success in the game and it has only increased my determination to achieve more. The ambition from everyone at the club is extremely clear; we are all determined to push for the biggest trophies over the coming years.â€",,0
2.07708E+18,JacobsBen,https://x.com/JacobsBen/status/2077084074338877585,Ben Jacobs,2026-07-14T17:33:28Z,"Manchester United confirm Youri Tielemans has joined from Aston Villa on a five-year contract. Â£35m fee.ðŸ‡§ðŸ‡ª

ðŸ—£ï¸ Tielemans: â€œItâ€™s hard to describe just how proud I am to join Manchester United. Signing for such a special club feels incredible, it is the culmination of years of dedication since I first fell in love with football.

â€œI have had the privilege of experiencing success in the game and it has only increased my determination to achieve more. The ambition from everyone at the club is extremely clear; we are all determined to push for the biggest trophies over the coming years.â€",,0
2.07703E+18,JacobsBen,https://x.com/JacobsBen/status/2077027516401811894,Ben Jacobs,2026-07-14T13:48:43Z,Five-year deal for Youri Tielemans.âœï¸,,0
2.07702E+18,JacobsBen,https://x.com/JacobsBen/status/2077019946001797436,Ben Jacobs,2026-07-14T13:18:38Z,Youri Tielemans has already passed his Manchester United medical ahead of a Â£35m move. Formalities began on Monday.ðŸ©º https://t.co/PZwIji6JEI,,0
2.07702E+18,JacobsBen,https://x.com/JacobsBen/status/2077017579692929144,Ben Jacobs,2026-07-14T13:09:14Z,"BeÅŸiktaÅŸ and Arsenal both confirm an agreement for Leandro Trossard. As reported yesterday, Trossard has agreed to a 3+1 contract.Fee is â‚¬18m+â‚¬2m.ðŸ‡§ðŸ‡ª https://t.co/LJRP9IBb9Y",,0
2.07698E+18,JacobsBen,https://x.com/JacobsBen/status/2076975529668821332,Ben Jacobs,2026-07-14T10:22:09Z,"RT @JacobsBen: Manchester United still plan to add another midfielder following the arrival of Andrey Santos, who was confirmed today on a 5+1 contract, and the impending signing of Youri Tielemans from Aston Villa.

Even with Manuel Ugarte injured, and staying this summer as a result, the plan is to sign one more central midfielder.ðŸ”´",,0
2.07677E+18,JacobsBen,https://x.com/JacobsBen/status/2076768280497307846,Ben Jacobs,2026-07-13T20:38:37Z,"BeÅŸiktaÅŸ reach an agreement in principle with Leandro Trossard. 3+1 contract on a wage of around â‚¬9m.

BeÅŸiktaÅŸ always confident on finalising the move post-World Cup. Fee agreed with Arsenal is â‚¬18m+â‚¬2m.ðŸ‡§ðŸ‡ª https://t.co/XS2TGbx9Ly",,0
2.07672E+18,JacobsBen,https://x.com/JacobsBen/status/2076723689475719331,Ben Jacobs,2026-07-13T17:41:25Z,"Manchester United still plan to add another midfielder following the arrival of Andrey Santos, who was confirmed today on a 5+1 contract, and the impending signing of Youri Tielemans from Aston Villa.

Even with Manuel Ugarte injured, and staying this summer as a result, the plan is to sign one more central midfielder.ðŸ”´",,0
2.07669E+18,JacobsBen,https://x.com/JacobsBen/status/2076688858842845197,Ben Jacobs,2026-07-13T15:23:01Z,RT @JacobsBen: Youri Tielemans is expected to undergo his medical this week after agreeing to join Manchester United.ðŸ©º https://t.co/srFYdzKf8g,,0
2.07664E+18,JacobsBen,https://x.com/JacobsBen/status/2076643458979111163,Ben Jacobs,2026-07-13T12:22:37Z,"Ederson's proposed move to Manchester United is off for now, but #MUFC have not ruled out revisiting later in the summer. 

Atalanta sources maintain the player is fully fit, but #MUFC decided not to proceed after carrying out a thorough medical with specialists looking at an issue with Ederson's knee flagged in initial tests.

Ederson flew to England for additional tests following the World Cup.

As Manchester United debated whether to proceed, they got buy in from both Andrey Santos and later Youri Tielemans and quickly closed both deals.

Yet Santos is not seen as a replacement to the Atalanta midfielder.

Although the transfer is off as it stands, and could well remain this way, it is not entirely ruled out a new approach to Atalanta is made later in the summer. Yet if the deal is revived, it won't be on the same â‚¬45m terms. Manchester United are sympathetic to the player but the deal won't be formalised as of now.ðŸ‡§ðŸ‡·",,0
2.07664E+18,JacobsBen,https://x.com/JacobsBen/status/2076638977059127539,Ben Jacobs,2026-07-13T12:04:48Z,Youri Tielemans is expected to undergo his medical this week after agreeing to join Manchester United.ðŸ©º https://t.co/srFYdzKf8g,,0
2.07664E+18,JacobsBen,https://x.com/JacobsBen/status/2076637742763507816,Ben Jacobs,2026-07-13T11:59:54Z,"RT @JacobsBen: Youri Tielemans informed Manchester United he wanted to join once the World Cup finished. Tielemans also had Saudi clubs keen, but only wanted #MUFC.

Aston Villa had hoped the Belgian midfielder would sign a new deal, but powerless to stop an exit due to the Â£35m clause.

Andrey Santos' Â£48m+Â£2m move to Manchester United is also already signed.

Ederson's move to Old Trafford off for now following medical checks.ðŸ”´",,0
2.07662E+18,JacobsBen,https://x.com/JacobsBen/status/2076619121286906161,Ben Jacobs,2026-07-13T10:45:54Z,"Youri Tielemans informed Manchester United he wanted to join once the World Cup finished. Tielemans also had Saudi clubs keen, but only wanted #MUFC.

Aston Villa had hoped the Belgian midfielder would sign a new deal, but powerless to stop an exit due to the Â£35m clause.

Andrey Santos' Â£48m+Â£2m move to Manchester United is also already signed.

Ederson's move to Old Trafford off for now following medical checks.ðŸ”´",,0
2.07661E+18,JacobsBen,https://x.com/JacobsBen/status/2076607502775382172,Ben Jacobs,2026-07-13T09:59:44Z,"ðŸš¨ Manchester United are in advanced talks to sign Aston Villa midfielder Youri Tielemans, as @David_Ornstein called.

A surprise move, and one the player has made it clear heâ€™s keen on. Tielemansâ€™ Villa contract contains a release clause of Â£35m.

All parties expect the deal to happen now Tielemansâ€™ World Cup is over.",,0
2.07641E+18,JacobsBen,https://x.com/JacobsBen/status/2076405228212015490,Ben Jacobs,2026-07-12T20:35:58Z,"RT @JacobsBen: Besiktas now close to an agreement with Leandro Trossard on personal terms.

Advanced talks ongoing between the parties with Besiktas confident.ðŸ‡§ðŸ‡ª",,0
2.07637E+18,JacobsBen,https://x.com/JacobsBen/status/2076365399256363056,Ben Jacobs,2026-07-12T17:57:42Z,"Besiktas now close to an agreement with Leandro Trossard on personal terms.

Advanced talks ongoing between the parties with Besiktas confident.ðŸ‡§ðŸ‡ª",,0
2.07597E+18,JacobsBen,https://x.com/JacobsBen/status/2075968766110794142,Ben Jacobs,2026-07-11T15:41:38Z,"RT @JacobsBen: Chelsea value Alejandro Garnacho at â‚¬50m and want a permanent exit. There have been talks with Roma, but the Serie A side want a loan formula. Chelsea are only looking at a permanent sale.

Garnacho is drawing interest from England, Italy and Saudi. 

Like Andrey Santos, he wants to be a regular starter, and Chelsea canâ€™t offer that. Club and player working together to find a solution.

Garnacho is yet to report for training as all parties are focused on an exit.

Progress being made and it is hoped an exit can be facilitated in the next two weeks.ðŸ‡¦ðŸ‡·",,0
2.07593E+18,JacobsBen,https://x.com/JacobsBen/status/2075930775120437562,Ben Jacobs,2026-07-11T13:10:40Z,"Chelsea value Alejandro Garnacho at â‚¬50m and want a permanent exit. There have been talks with Roma, but the Serie A side want a loan formula. Chelsea are only looking at a permanent sale.

Garnacho is drawing interest from England, Italy and Saudi. 

Like Andrey Santos, he wants to be a regular starter, and Chelsea canâ€™t offer that. Club and player working together to find a solution.

Garnacho is yet to report for training as all parties are focused on an exit.

Progress being made and it is hoped an exit can be facilitated in the next two weeks.ðŸ‡¦ðŸ‡·",,0
2.07561E+18,JacobsBen,https://x.com/JacobsBen/status/2075609740902801843,Ben Jacobs,2026-07-10T15:54:59Z,RT @JacobsBen: Andrey Santos has signed his Manchester United contract after passing his medical yesterday.âœï¸ https://t.co/dNSlbyF5Fn,,0
2.07559E+18,JacobsBen,https://x.com/JacobsBen/status/2075592127195517042,Ben Jacobs,2026-07-10T14:45:00Z,Andrey Santos has signed his Manchester United contract after passing his medical yesterday.âœï¸ https://t.co/dNSlbyF5Fn,,0
2.07532E+18,JacobsBen,https://x.com/JacobsBen/status/2075320639485771881,Ben Jacobs,2026-07-09T20:46:12Z,Andrey Santos has passed his Manchester United medical. 5+1 contract.âœï¸ https://t.co/JAonAtwCaL,,0
2.07493E+18,JacobsBen,https://x.com/JacobsBen/status/2074928139592171896,Ben Jacobs,2026-07-08T18:46:33Z,Spurs confirm Joao Palhinha has returned to Bayern following his loan spell. Spurs chose not to make the deal permanent following the arrivals of Sandro Tonali and Mateus Fernandes.ðŸ‡µðŸ‡¹ https://t.co/AixDqKoClf,,0
2.07491E+18,JacobsBen,https://x.com/JacobsBen/status/2074906187494195566,Ben Jacobs,2026-07-08T17:19:19Z,RT @JacobsBen: Andrey Santos is expected to sign a five-year contract at Manchester United.,,0
2.0749E+18,JacobsBen,https://x.com/JacobsBen/status/2074900746852765723,Ben Jacobs,2026-07-08T16:57:42Z,Andrey Santos is expected to sign a five-year contract at Manchester United.,,0
2.0749E+18,JacobsBen,https://x.com/JacobsBen/status/2074899180980740230,Ben Jacobs,2026-07-08T16:51:29Z,"RT @JacobsBen: Arsenal prepared to make a formal bid to Newcastle for Bruno Guimaraes after seeing a verbal offer via intermediaries of around Â£55m turned down. Newcastle insist they donâ€™t wish to sell, but direct club-to-club contact is now anticipated.

As reported yesterday, Alex Scott, Ayyoub Bouaddi and Sandro Tonali other names on the radar. Matheus Fernandes has also been looked at, but Spurs and Manchester United more advanced as it stands.

Overlap with other Premier League clubs for each target. #MCFC want another midfielder post Elliot Anderson.

Spurs also want to sign two midfielders.

Manchester United will add at least one more midfielder.

And Chelsea and Liverpool could also explore a central midfield reinforcement.

More on @talkSPORT.ðŸŽ™ï¸

ðŸ¤ @alex_crook",,0
2.0749E+18,JacobsBen,https://x.com/JacobsBen/status/2074895781933482214,Ben Jacobs,2026-07-08T16:37:58Z,"More on Andrey Santosâ€™ move to Manchester United. Chelsea retain a 10% sell-on. Â£48m+Â£2m, with add-ons viewed as easily achievable. 

Manchester United had first enquired on Andrey Santos last summer, as revealed.

Appeal is in Santosâ€™ versatility.ðŸ‡§ðŸ‡· https://t.co/gq2KtnreKj",,0
2.07489E+18,JacobsBen,https://x.com/JacobsBen/status/2074892917290958979,Ben Jacobs,2026-07-08T16:26:35Z,"Manchester United reach an agreement with Chelsea to sign Andrey Santos.

Fee is Â£48m+Â£2m, as @David_Ornstein called.

Manchester United had enquired last summer but told Santos not for sale.

Door became open as Santos wants more regular minutes.

Santos has permission to undergo his medical.ðŸ‡§ðŸ‡·",,0
2.07453E+18,JacobsBen,https://x.com/JacobsBen/status/2074530806148772274,Ben Jacobs,2026-07-07T16:27:41Z,Newcastle have agreed a Â£23m deal with Ajax for midfielder Sean Steur. The 18-year-old is viewed as the replacement for Sandro Tonali.ðŸ‡³ðŸ‡± https://t.co/L0EsfecEke,,0
2.07411E+18,JacobsBen,https://x.com/JacobsBen/status/2074113312317645243,Ben Jacobs,2026-07-06T12:48:43Z,"ðŸ—£ï¸ Roberto De Zerbi on Sandro Tonali. â€œSandro is a special player and a great signing for our Club. I have followed him for a long time, as he came through the youth system at my hometown club, Brescia, and I'm so happy to be working with him now. 

â€œGiven his qualities, there was a lot of interest in Sandro this summer. However, he was very clear in his desire to join Tottenham, and I know our fans will love what he brings to the team.â€",,0
2.07411E+18,JacobsBen,https://x.com/JacobsBen/status/2074109004847129023,Ben Jacobs,2026-07-06T12:31:36Z,"Spurs confirm Sandro Tonali has joined from Newcastle on a six-year contract. Â£92.5m plus Â£7.5m in add-ons. A statement signing driven by Roberto De Zerbi.ðŸ‡®ðŸ‡¹

ðŸ—£ï¸ Tonali: ""I spoke to the Head Coach for close to two hours about the Club, the fans, the stadium and our football. It was like magic because I knew immediately that I had to sign for Tottenham.â€",,0
2.07382E+18,JacobsBen,https://x.com/JacobsBen/status/2073819876997697655,Ben Jacobs,2026-07-05T17:22:43Z,Sandro Tonali has signed his six-year Spurs contract ahead of his Â£100m move. Only the official announcement pending.ðŸ‡®ðŸ‡¹ https://t.co/cVc91HvlCm,,0
2.07379E+18,JacobsBen,https://x.com/JacobsBen/status/2073790305992868106,Ben Jacobs,2026-07-05T15:25:12Z,"More on Andrey Santos. Understand along with Manchester United, Newcastle are also keen.

Player is open to a move because he wants a starting role.

Manchester United first enquired when Chelsea signed Alejandro Garnacho. Back then, Chelsea not open to a sale, but now a deal is possible if it suits all parties.ðŸ‡§ðŸ‡·",,0
2.07379E+18,JacobsBen,https://x.com/JacobsBen/status/2073787414523588901,Ben Jacobs,2026-07-05T15:13:43Z,"Manchester United are exploring a move for Andrey Santos, as @Will_Unwin called.

Midfielder on #MUFC's list of options since last summer, as revealed.

Chelsea not inclined to sell back then, or under Liam Rosenior, but would now be open to a sale at the right price. Santos is keen to explore minutes.

Talks underway on the player side, but Chelsea yet to receive any formal contact.ðŸ‡§ðŸ‡·",,0
2.07344E+18,JacobsBen,https://x.com/JacobsBen/status/2073439293586976985,Ben Jacobs,2026-07-04T16:10:24Z,"Besiktas reach an agreement in principle with Arsenal to sign Leandro Trossard. â‚¬18m+â‚¬2m fee.

Trossard is still to finalise terms, but Besiktas confident.

Al-Diriyah never made a formal offer despite reports.

Trossard currently in Seattle and focused on finishing the World Cup.ðŸ‡§ðŸ‡ª",,0
2.07258E+18,JacobsBen,https://x.com/JacobsBen/status/2072581035544432730,Ben Jacobs,2026-07-02T07:20:00Z,Sandro Tonali in London today to formalise his Â£92.5m+Â£7.5m move to Spurs.ðŸ©º https://t.co/7xNy7dlutx,,0
2.07239E+18,JacobsBen,https://x.com/JacobsBen/status/2072393916222230845,Ben Jacobs,2026-07-01T18:56:27Z,"Roberto De Zerbi key to the Sandro Tonali deal.

Tonali told De Zerbi he wanted to join, and Spurs then pushed to pull off a statement signing. Chance to play under the Spurs manager a driving factor.

Spurs agree Tonali and Fernandes within 24 hours for a combined total of Â£185m. It was always Spurs' intent to do both.âšªï¸",,0
2.07239E+18,JacobsBen,https://x.com/JacobsBen/status/2072389614023954762,Ben Jacobs,2026-07-01T18:39:21Z,"ðŸš¨ BREAKING: Agreement in principle for Spurs to sign Sandro Tonali for a Â£100m package. Fee is Â£92.5m with a further Â£7.5m in add-ons. New club record signing.

Tonali already agreed terms.

Spurs improved their bid today, and Newcastle have now accepted their offer. https://t.co/hxa0Rg3NBX",,0
2.07204E+18,JacobsBen,https://x.com/JacobsBen/status/2072040008320479710,Ben Jacobs,2026-06-30T19:30:09Z,"Manchester United set to explore Alex Scott after missing out on Mateus Fernandes.

Spurs to pay Â£85m for Fernandes, a figure #MUFC were not prepared to meet.

Fernandes never communicated to either club a sole preference, leaving it to both to negotiate with West Ham.

Bournemouth want Scott to sign a new deal and are prepared to offer him a release clause within in. They value Scott around Â£80m. 

Arsenal, Manchester City, Spurs and Chelsea other clubs to watch. Arsenal already directly informed on Bournemouthâ€™s stance.

#MUFC also have Aurelien TchouamÃ©ni and Carlos Baleba on their list, and Spurs and Manchester City target Sandro Tonali is appreciated. Cost of deal would need to drop for #MUFC to proceed. 

Sander Berge another name discussed.ðŸ”´",,0
2.0717E+18,JacobsBen,https://x.com/JacobsBen/status/2071700239686463972,Ben Jacobs,2026-06-29T21:00:02Z,"ðŸš¨ Spurs continue in talks to sign Sandro Tonali and are optimistic the Italian midfielder wants to join.

Roberto De Zerbi is understood to a key factor in his decision-making process. Manchester City and Arsenal also hold an interest.

Newcastle United have already rejected one formal offer worth around Â£80m, but club-to-club negotiations are ongoing.

Separate from Mateus Fernandes where Spurs and Manchester United are both in talks with West Ham.

ðŸ¤ @alex_crook",,0
2.07064E+18,JacobsBen,https://x.com/JacobsBen/status/2070642858223120830,Ben Jacobs,2026-06-26T22:58:22Z,"Arsenal prepared to make a formal bid to Newcastle for Bruno Guimaraes after seeing a verbal offer via intermediaries of around Â£55m turned down. Newcastle insist they donâ€™t wish to sell, but direct club-to-club contact is now anticipated.

As reported yesterday, Alex Scott, Ayyoub Bouaddi and Sandro Tonali other names on the radar. Matheus Fernandes has also been looked at, but Spurs and Manchester United more advanced as it stands.

Overlap with other Premier League clubs for each target. #MCFC want another midfielder post Elliot Anderson.

Spurs also want to sign two midfielders.

Manchester United will add at least one more midfielder.

And Chelsea and Liverpool could also explore a central midfield reinforcement.

More on @talkSPORT.ðŸŽ™ï¸

ðŸ¤ @alex_crook",,0
2.06985E+18,JacobsBen,https://x.com/JacobsBen/status/2069847397078061276,Ben Jacobs,2026-06-24T18:17:30Z,"Spurs are in advanced talks with Mateus Fernandes as they rival Manchester United for the West Ham midfielder. Fernandes is one of Tottenham's top targets, as exclusively revealed.

West Ham seeking Â£80m-Â£85m, around double what they paid to Southampton.

An incoming Â£90m shareholder cash injection is likely to leave West Ham in a stronger negotiating position.

Manchester United are also in talks with both Fernandes and West Ham.

Spurs are also rivalling Manchester City for Sandro Tonali.

And Spurs, Manchester United and Arsenal all have Alex Scott on their radar, who Bournemouth hope signs a new deal.

Movement expected now in the next days/weeks on all fronts as clubs enter into the new financial year.âš’ï¸",,0
2.06846E+18,JacobsBen,https://x.com/JacobsBen/status/2068463981614748011,Ben Jacobs,2026-06-20T22:40:18Z,"More on Spurs and Sandro Tonali. A fresh bid is expected. Manchester City remain active as well.

Spurs want to make a statement signing with Roberto De Zerbi stressing the importance of adding in central midfield.

Spurs also planning new contract talks with Micky van de Ven.

Liverpool currently have no plans to move for Van de Ven this summer.âšªï¸",,0
2.06839E+18,JacobsBen,https://x.com/JacobsBen/status/2068388393499963450,Ben Jacobs,2026-06-20T17:39:56Z,"Real Madrid deny any contact with Michael Olise despite links with the Bayern attacker. Bayern have never considered a sale for any price to any club this summer.

Real's current priority is to add a central midfielder.âšªï¸ https://t.co/XxCnqkb1pS",,0
2.06696E+18,JacobsBen,https://x.com/JacobsBen/status/2066956063136526441,Ben Jacobs,2026-06-16T18:48:22Z,"More on Spurs and Sandro Tonali.

Spurs a serious contender and have money to spend despite no European football.

Roberto De Zerbi driving the move.

Bid of around Â£85m plus add-ons taking the package to around Â£100m expected to be considered by #NUFC.ðŸ‡®ðŸ‡¹

https://t.co/xPrcXa0pDF",,0
2.06684E+18,JacobsBen,https://x.com/JacobsBen/status/2066844260377444416,Ben Jacobs,2026-06-16T11:24:06Z,"Spurs have opened talks with Sandro Tonali, as @FabrizioRomano called.

Move driven by Roberto De Zerbi and backed by the ownership.

Spurs hoping to make a statement signing. Significant funds to be made available to strengthen in midfield and attack.  

No bid to Newcastle yet, but #NUFC braced for offers. 

Arsenal and Manchester City two other clubs who have made enquiries this year.

Tonali would welcome a return to Italy but cost of a deal makes it unlikely.

Newcastleâ€™s negotiation position strengthened following the Â£70m sale of Anthony Gordon, but club aware Tonali is exploring options.ðŸ‡®ðŸ‡¹",,0
2.06588E+18,JacobsBen,https://x.com/JacobsBen/status/2065880830522937562,Ben Jacobs,2026-06-13T19:35:46Z,"Cody Gakpo hasnâ€™t told Liverpool directly he wants to leave.

However, there has been recent interest in Gakpo from Italy, and Bayern from last summer.

Liverpool not actively looking to sell and have noted the fee on Anthony Gordonâ€™s Â£70m Barcelona move, which would inform their valuation. Gakpo is well contracted until 2030.

Liverpool also have no plans to keep Mo Salah despite comments from Egyptian goalkeeper Ahmed El-Shenawy that â€œthings could changeâ€.ðŸ”´",,0
2.06555E+18,JacobsBen,https://x.com/JacobsBen/status/2065549352647721004,Ben Jacobs,2026-06-12T21:38:36Z,"Arsenal are in talks with Club Brugge for Christos Tzolis as @HandofArsenal called. Belgium side want close to Â£35m.

As previously revealed on @talkSPORT, Morgan Rogers remains a leading target in addition.

Bradley Barcola and Junior Kroupi are the other viable options for a starting left-wing spot at the club. 

Liverpool also tracking Barcola. PSG are prepared to consider a sale if they reinforce with another attacker even though contract extensions talks are also active.

Julian Alvarez also a dream target for Arsenal. 

Jeremy Monga talks remain advanced.

Arsenal also working on outgoings. Saudi interest in Gabriel Martinelli remains.

Bournemouth one club who have enquired on Leandro Trossard, who is also drawing interest from Europe.ðŸ”´",,0
2.06438E+18,JacobsBen,https://x.com/JacobsBen/status/2064375212565807228,Ben Jacobs,2026-06-09T15:52:59Z,"Julian Alvarez's â‚¬500m clause is more complicated than it appears with provisions for certain #UCL clubs to do a deal cheaper.

Atletico Madrid continue to point to this number and deny active negotiations. Barcelona have had a â‚¬100m bid rejected.ðŸ‡¦ðŸ‡·

https://t.co/eOYLNcD62K",,0
2.06029E+18,JacobsBen,https://x.com/JacobsBen/status/2060287930896167319,Ben Jacobs,2026-05-29T09:11:35Z,"ðŸš¨ More on Ibrahima Konateâ€™s Liverpool exit.

French defender will leave when his contract expires. Viewed by sources as a disappointing outcome, and one Liverpool tried to avert.

There was a significant gulf between club and player over terms.

Negotiations began in November 2023 and have continued since, but an agreement has proven elusive.

Liverpool are prepared to pay big wages but have remained disciplined in talks with Konate in order to retain squad equilibrium.

There are high hopes for Jeremy Jacquet and Giovanni Leoni heading into next season.
 
Liverpool have chosen not to proceed with what is seen as an expensive renewal and will instead put that resource into replacing Mo Salah, and into strengthening other key areas this summer.ðŸ”´",,0
2.06008E+18,JacobsBen,https://x.com/JacobsBen/status/2060079602177863770,Ben Jacobs,2026-05-28T19:23:46Z,"Julian Alvarez has made it clear he wants to join Barcelona.

Atletico Madrid had hoped he might sign a new deal, but Alvarez is pushing to leave.â¬‡ï¸",,0
2.06E+18,JacobsBen,https://x.com/JacobsBen/status/2060003506564554904,Ben Jacobs,2026-05-28T14:21:23Z,"Barcelona set to place an opening bid for Julian Alvarez of around â‚¬100m.

Atletico Madrid want significantly more than the â‚¬120m Barcelona paid for Antoine Griezmann in 2019.
 
Alvarez has made it clear he wants the move.ðŸ‡¦ðŸ‡· https://t.co/M1IwbeVJBI",,0
2.05993E+18,JacobsBen,https://x.com/JacobsBen/status/2059932678762135760,Ben Jacobs,2026-05-28T09:39:56Z,"Barcelona's dream target remains Julian Alvarez.

Deco has been holding meetings since January, as revealed on @talkSPORT.

Alvarez has made it clear he wants to join Barcelona if the clubs agree a fee.

Atletico Madrid are currently asking for more than Barcelona paid when they signed Antoine Griezmann in 2019.

An opening bid is expected.ðŸ‡¦ðŸ‡·",,0
2.05964E+18,JacobsBen,https://x.com/JacobsBen/status/2059640564463685848,Ben Jacobs,2026-05-27T14:19:11Z,"Gordon has indicated he's open to Barcelona, while broad terms in place with Bayern.

#NUFC have directly told Barcelona and Bayern their valuation. Barcelona now expected to make a formal bid.

A pivot away from Julian Alvarez and Joao Pedro due to the cost of former, and latter not being for sale.â¬‡ï¸",,0
2.05566E+18,JacobsBen,https://x.com/JacobsBen/status/2055662251823010214,Ben Jacobs,2026-05-16T14:50:47Z,"ðŸš¨ Mo Salah calls on Liverpool to be a â€œheavy metal attacking team that opponents fearâ€ and emphasises qualifying for the Champions League is the â€œbare minimumâ€.

ðŸ—£ï¸ â€œI have witnessed this club go from doubters to believers, and from believers to champions. It took hard work and I always did everything I could to help the club get there. Nothing makes me prouder than that.

â€œUs crumbling to yet another defeat this season was very painful and not what our fans deserve. 

â€œI want to see Liverpool go back to being the heavy metal attacking team that opponents fear and back to being a team that wins trophies. That is the football I know how to play and that is the identity that needs to be recovered and kept for good. It cannot be negotiable and everyone that joins this club should adapt to it.

â€œWinning some games here and there is not what Liverpool should be about. All teams win games.

â€œLiverpool will always be a club that means a great deal to me and to my family. I want to see it succeed for long after I have moved onâ€.

â€œAs Iâ€™ve always said, qualifying to next seasonâ€™s Champions League is the bare minimum and I will do everything I can to make that happen.â€",,0
2.04917E+18,JacobsBen,https://x.com/JacobsBen/status/2049166324237033887,Ben Jacobs,2026-04-28T16:38:18Z,"ðŸ—£ï¸ Diego Simeone on Julian Alvarez's future. ""Iâ€™m not inside Julian Alvarezâ€™s head. But itâ€™s normal that an extraordinary player like Julian Alvarez is wanted by Arsenal, Paris Saint-Germain and Barcelona.""

As previously reported, Atleti will fight to keep Alvarez this summer and value him at north of the fee Barcelona paid for Antoine Griezmann in 2019.

Alvarez not agitating to leave but understood to be open to Barcelona if an agreement is reached.

Arsenal have held meetings with the player side, while PSG had explored signing Alvarez in 2024 when he ultimately moved to Atleti.ðŸ‡¦ðŸ‡·",,0
2.04844E+18,JacobsBen,https://x.com/JacobsBen/status/2048436308977049978,Ben Jacobs,2026-04-26T16:17:28Z,"Julian Alvarez remains Barcelona's dream target this summer despite the difficult nature of financing a deal.

As revealed in January, Deco has held multiple meetings with the player's camp but nothing is advanced yet.

Atletico will fight to keep Alvarez, and value him higher than the Â£104m that saw Antoine Griezmann leave for Barcelona in 2019.

There has also been formative Premier League enquiries, including from Arsenal earlier this year.ðŸ‡¦ðŸ‡·",,0
2.04303E+18,JacobsBen,https://x.com/JacobsBen/status/2043032290503037342,Ben Jacobs,2026-04-11T18:23:50Z,"An important win for Liverpool over Fulham thanks to goals from Rio Ngumoha and Mo Salah. 

Fifth-placed Liverpool move four clear of Chelsea, who host #MCFC on Sunday in a massive game in the title race and Champions League spots.ðŸ”´ https://t.co/mBysVer1Bn",,0
2.03897E+18,JacobsBen,https://x.com/JacobsBen/status/2038965320807743974,Ben Jacobs,2026-03-31T13:03:09Z,"This remains the case. Anderson is the preferred choice, and the same for #MCFC, but multiple midfielders expected to arrive. Tonali is also appreciated but viewed as expensive even if Newcastle miss out on #UCL. Be interesting to see if either Manchester club try to move early knowing the World Cup could further raise the price of Anderson, and Tonali if Italy qualify.",,0
2.03726E+18,JacobsBen,https://x.com/JacobsBen/status/2037257225920512134,Ben Jacobs,2026-03-26T19:55:47Z,"ðŸ—£ï¸ Spoke to San Diego owner Sir Mohamed Mansour at @SBJ Business of Soccer.

British-Egyptian told me as a football fan heâ€™d â€œloveâ€ to sign Mo Salah, but admits any approach would be business-driven and be led by the clubâ€™s sporting department.

https://t.co/HxrlHsX2PS",,0
2.03724E+18,JacobsBen,https://x.com/JacobsBen/status/2037244794615795744,Ben Jacobs,2026-03-26T19:06:23Z,"Liverpool could sign two wingers this summer. 

On the right, finding a Mo Salah successor is something #LFC have been planning for long before negotiating an exit package allowing the Egyptian to leave on a free.

New left-winger on the club's radar since Luis Diaz departed for Bayern.

Leipzig's Yan Diomande is one target, and a player high in Manchester United and Bayern's thinking as well. Leipzig value the winger at â‚¬100m, but suitors feel that price will drop this summer.

Appreciation for Michael Olise but Bayern are not planning a sale.

PSG also working on extending Bradley Barcola and in no mood to entertain offers. Same for Khvicha Kvaratskhelia, who has been linked with Arsenal.

Liverpool have historical interest in Anthony Gordon having almost signed him in summer 2024.

Sources downplay interest in Francisco ConceiÃ§Ã£o despite reports.

A more central creative attacker could also be considered, especially if capable of operating in wide areas as well. Liverpool are one of the clubs who appreciate Morgan Rodgers, with an exit possible this summer despite an extension last year.ðŸ”´",,0
2.03687E+18,JacobsBen,https://x.com/JacobsBen/status/2036874481353023778,Ben Jacobs,2026-03-25T18:34:54Z,"ðŸ—£ï¸ Don Garber tells me he'd like to see Mo Salah join the league, but adds MLS are unlikely to provide financial support to help facilitate a move as they did with Lionel Messi.

""There is only one Messi... I am not sure the league needs to get involved in those kinds of deals going forward.

""Mo Salah is one of the great playeres in the history of the Premier League... I'd love to see him in our league. I couldn't say that until he announced he was leaving Liverpool. What a great player he would be in MLS, and I think we would provide him with a great platform.""",,0
2.03681E+18,JacobsBen,https://x.com/JacobsBen/status/2036806982217199950,Ben Jacobs,2026-03-25T14:06:41Z,"On Mo Salah and Saudi, important to note most clubs can't make their move yet until the 2026/27 seasonal budget is allocated.

Salahâ€™s agent Ramy Abbas has made it clear there is no club yet lined up and serious talks are yet to begin with anyone for this summer.

Saudi dealmakers have been keen on Salah since 2023 when Al-Ittihad made a bid worth Â£100m plus Â£50m in add ons. This was immediately turned down by Mike Gordon via a phone call.

Salah was viewed back then as becoming the poster boy of the new Saudi Pro League project and was offered lucrative terms in the ballpark of Cristiano Ronaldo's salary.

Al-Hilal have also shown a strong interest in the past in Salah, particularly prior to the Egyptian signing his new two year Liverpool contract in April 2025. 

Sources close to the Saudi Pro League reveal they were anticipating paying a fee when the season started and expected to face competition from MLS clubs. 

For Saudi clubs, Salah becoming a free transfer still presents a significant cost via wages, and signing on and agent fees, which most can't shoulder without central support, but the lack of transfer fee could tempt European suitors who would only have done a deal in 2027 previously.

The only way for the majority of Saudi clubs to sign Salah without central funding is to use private investment, which was the case when Al-Hilal signed Karim Benzema with the support of Prince Alwaleed bin Talal bin Abdulaziz. Despite perceptions all Saudi clubs have these kind of investors, very few do at the scale required to land a player like Salah.

The one club that is an exception to this rule or approach is Aramco-owned Al-Qadsiah, who have Brendan Rodgers as their manager and funds in place to do business that is not reliant on Ministry support.

Senior Saudi Pro League sources admit several clubs are interested in Salah but caution against the league itself signing off on a transfer unless a return on the investment can be justified.

League officials wanted to sign Salah last summer to coincide with a new TV rights cycle in the hope of gaining a lucrative deal in Egypt. That ship has now sailed.

Salah is understood to have wanted to reach a mutual agreement with Liverpool to part ways and announce his departure on his own terms prior to formally exploring his next step, and thatâ€™s partly why nothing is lined up.ðŸ‡ªðŸ‡¬",,0
2.03653E+18,JacobsBen,https://x.com/JacobsBen/status/2036525198812283121,Ben Jacobs,2026-03-24T19:26:58Z,ðŸš¨ Mo Salah will leave Liverpool on a free transfer. Parties came to an agreement over a termination in a similar manner to the exit the club negotiated with Jurgen Klopp when he decided to leave #LFC. https://t.co/sVyChqoW4Y,,0
2.07208E+18,ShamsCharania,https://x.com/ShamsCharania/status/2072082492589310152,Shams Charania,2026-06-30T22:18:58Z,Joining @SportsCenter on the next steps for LeBron James -- a free agent now: https://t.co/6On138k7PA,,0
2.07199E+18,ShamsCharania,https://x.com/ShamsCharania/status/2071988062259736871,Shams Charania,2026-06-30T16:03:44Z,"BREAKING: LeBron James will continue his NBA career for the 2026-27 season and has informed the Los Angeles Lakers that the franchise can move on without him because he will play elsewhere, Klutch Sports CEO Rich Paul tells ESPN. https://t.co/zzVk6xUVF1",,0
2.0716E+18,ShamsCharania,https://x.com/ShamsCharania/status/2071595731811447084,Shams Charania,2026-06-29T14:04:45Z,"Golden State Warriors forward Draymond Green is declining his $27.7 million player option to become a free agent, sources tell ESPN. This move gives the Warriors flexibility to pursue LeBron James in free agency and Anthony Davis via trade to form a Big 4. https://t.co/jBVRe1YZ1B",,0
2.02781E+18,ShamsCharania,https://x.com/ShamsCharania/status/2027814579586142592,Shams Charania,2026-02-28T18:34:05Z,"Golden State Warriors forward Gui Santos has signed a three-year, $15 million contract extension with the franchise, sources tell ESPN. The deal includes a player option in 2028-29.",,0
2.02489E+18,ShamsCharania,https://x.com/ShamsCharania/status/2024894341689352671,Shams Charania,2026-02-20T17:10:06Z,"The Portland Trail Blazers are signing two-way guard Sidy Cissoko on a new two-year deal, agents Max Wiepking and Nicolas Dos Santos of Gersh Sports tell ESPN. Cissoko used up his two-way days while averaging 6.5 points and 2.6 rebounds and starting 24 of 50 games for Portland. https://t.co/FutvRLdh8T",,0
2.01944E+18,ShamsCharania,https://x.com/ShamsCharania/status/2019436218564637167,Shams Charania,2026-02-05T15:41:28Z,"Lakers find a sharpshooter on the wings for Luka Doncic, Austin Reaves and LeBron James while the Hawks land a veteran guard, create a $11 million trade exception and pick up an asset.",,0
1.99096E+18,ShamsCharania,https://x.com/ShamsCharania/status/1990958611716247709,Shams Charania,2025-11-19T01:41:37Z,"LeBron James will make his Los Angeles Lakers season debut against the Utah Jazz tonight at home, sources tell me and @mcten. The four-time NBA champion has rehabbed a nerve issue on his right side and now will take the court for a league-record 23rd season. https://t.co/yvxiI6fZ4w",,0
1.99059E+18,ShamsCharania,https://x.com/ShamsCharania/status/1990586121034801157,Shams Charania,2025-11-18T01:01:29Z,"Lakers' LeBron James has been upgraded to questionable for Tuesday's home game against the Utah Jazz, an indication he hopes to make his season debut. James is motivated and eager to return to action, and said at practice Monday that he is monitoring his body around the clock.",,0
1.99044E+18,ShamsCharania,https://x.com/ShamsCharania/status/1990435040329597328,Shams Charania,2025-11-17T15:01:08Z,"Cunningham becomes the sixth active NBA player to have a signature shoe deal with Nike, joining LeBron James, Kevin Durant, Ja Morant, Devin Booker and Giannis Antetokounmpo.",,0
1.9901E+18,ShamsCharania,https://x.com/ShamsCharania/status/1990102527178678347,Shams Charania,2025-11-16T16:59:51Z,"LeBron James has been reassigned back to the Lakers from NBA G League South Bay and will be a full participant at Lakers practice on Monday, sources tell ESPN. James completed multiple days of practices and 5-on-5 sessions this week in the G League and his debut is nearing.",,0
1.93934E+18,ShamsCharania,https://x.com/ShamsCharania/status/1939341171244880174,Shams Charania,2025-06-29T15:12:21Z,"Breaking: Los Angeles Lakers' LeBron James is opting into his $52.6 million player option for the 2025-26 season, Klutch Sports CEO Rich Paul told ESPN. 

Paul adds: LeBron ""knows the Lakers are building for the future ... but he values a realistic chance of winning it all."" https://t.co/q5mT1O2R35",,0
1.90362E+18,ShamsCharania,https://x.com/ShamsCharania/status/1903620845936718050,Shams Charania,2025-03-23T01:32:31Z,"After sustaining a groin strain two weeks ago, Lakers star LeBron James will return tonight against the Chicago Bulls.",,0
1.89995E+18,ShamsCharania,https://x.com/ShamsCharania/status/1899946515424072030,Shams Charania,2025-03-12T22:12:03Z,"Lakers' LeBron James has returned to Los Angeles, per medical recommendation, as he continues to progress well from a groin strain with the team finishing road trip Thursday in Milwaukee and Friday in Denver, league sources tell ESPN.",,0
1.89877E+18,ShamsCharania,https://x.com/ShamsCharania/status/1898772095259250693,Shams Charania,2025-03-09T16:25:19Z,"Los Angeles Lakers star LeBron James is expected to miss at least 1-to-2 weeks with a groin strain, sources tell ESPN. James will wait for the groin injury to calm down over the next 24 hours and receive another evaluation. https://t.co/17mWxsaXN3",,0
2.07709E+18,SkySport,https://x.com/SkySport/status/2077090805605376400,SkySport(IT),2026-07-14T18:00:13Z,"Mercato estero, gli acquisti ufficiali estivi: #Tielemans al #ManchesterUnited

#SkySport #SkyCalciomercato #Calciomercato 

https://t.co/NUcvXpvJ6T",,0
2.07706E+18,SkySport,https://x.com/SkySport/status/2077060062355304549,SkySport(IT),2026-07-14T15:58:03Z,"Mercato estero, gli acquisti ufficiali estivi: #Trossard al #Besiktas di #Italiano

#SkySport #SkyCalciomercato 

https://t.co/NUcvXpvJ6T",,0
2.0766E+18,SkySport,https://x.com/SkySport/status/2076600185745027543,SkySport(IT),2026-07-13T09:30:40Z,"#Calciomercato, i giocatori italiani che hanno ""mosso"" piÃ¹ soldi con i loro trasferimenti: #Tonali al primo posto

#SkySport #SkyCalciomercato 

https://t.co/1pQPuaoEsb",,0
2.07408E+18,SkySport,https://x.com/SkySport/status/2074081544151433547,SkySport(IT),2026-07-06T10:42:29Z,"Sandro #Tonali Ã¨ un nuovo giocatore del #Tottenham: operazione da 116 milioni di euro

#SkySport #SkyCalciomercato #Calciomercato 

https://t.co/EBJXvjQTOQ",,0
2.07407E+18,SkySport,https://x.com/SkySport/status/2074073176619745358,SkySport(IT),2026-07-06T10:09:14Z,"Mercato estero, gli acquisti ufficiali estivi: Sandro #Tonali al #Tottenham per 116 milioni

#SkySport #SkyCalciomercato #Calciomercato 

https://t.co/NUcvXpvJ6T",,0
2.07407E+18,SkySport,https://x.com/SkySport/status/2074072679074689445,SkySport(IT),2026-07-06T10:07:15Z,"ULTIM'ORA MERCATO

#Tottenham, ufficiale l'acquisto di Sandro #Tonali: il centrocampista lascia il #Newcastle dopo 3 stagioni

#SkySport #SkyCalciomercato #Calciomercato",,0
2.07262E+18,SkySport,https://x.com/SkySport/status/2072622543408628216,SkySport(IT),2026-07-02T10:04:56Z,"Tottenham, Sandro #Tonali a Sky: ""De Zerbi ha gran parte del merito""

#SkySport #SkyCalciomercato
https://t.co/Ty6nfbKC0X",,0
2.07262E+18,SkySport,https://x.com/SkySport/status/2072615641698214089,SkySport(IT),2026-07-02T09:37:30Z,"ULTIM'ORA MERCATO

Sandro #Tonali in partenza per Londra
Il calciatore sosterrÃ  le visite mediche con il #Tottenham

#SkySport #SkyCalciomercato",,0
2.0724E+18,SkySport,https://x.com/SkySport/status/2072403439485661404,SkySport(IT),2026-07-01T19:34:18Z,"Tonali batte tutti: i calciatori italiani piÃ¹ costosi di sempre sul mercato
#SkySport #SkyCalciomercato 
https://t.co/kJECGCfbow",,0
2.07239E+18,SkySport,https://x.com/SkySport/status/2072393129961877679,SkySport(IT),2026-07-01T18:53:20Z,"Tonali-Tottenham, accordo raggiunto: al Newcastle piÃ¹ di 100 milioni
#SkySport #SkyCalciomercato 
https://t.co/JquJkaLFrl",,0
2.07239E+18,SkySport,https://x.com/SkySport/status/2072389073180721212,SkySport(IT),2026-07-01T18:37:12Z,"ULTIM'ORA MERCATO

#Tottenham, accordo raggiunto per #Tonali: al Newcastle piÃ¹ di 100 milioni di euro

#SkySport #SkyCalciomercato #SkyPremier",,0
2.07231E+18,SkySport,https://x.com/SkySport/status/2072313485417947409,SkySport(IT),2026-07-01T13:36:51Z,"Tottenham, Tonali mai cosÃ¬ vicino agli Spurs: offerta da 100 milioni di euro al Newcastle 

#SkySport #SkyCalciomercato

https://t.co/RQj71ztTsX",,0
2.07231E+18,SkySport,https://x.com/SkySport/status/2072307502947901746,SkySport(IT),2026-07-01T13:13:04Z,"ULTIM'ORA MERCATO

Tottenham, Tonali sempre piÃ¹ vicino
Rilancio Spurs da 100 milioni di euro

#SkySport #SkyCalciomercato",,0
2.07041E+18,SkySport,https://x.com/SkySport/status/2070411748050391463,SkySport(IT),2026-06-26T07:40:01Z,"ULTIM'ORA MERCATO

Sandro #Tonali ha detto sÃ¬ al #Tottenham: continua la trattativa tra Spurs e #Newcastle

#SkySport #SkyCalciomercato #Calciomercato",,0
2.06843E+18,SkySport,https://x.com/SkySport/status/2068426960552837260,SkySport(IT),2026-06-20T20:13:11Z,"Tottenham, per Tonali avviati contatti con il Newcastle. 
#SkySport #SkyCalciomercato 
https://t.co/eR0CDCtn2o",,0
2.06841E+18,SkySport,https://x.com/SkySport/status/2068408003720622469,SkySport(IT),2026-06-20T18:57:51Z,"ULTIM'ORA MERCATO 

#Tottenham, contatti con il Newcastle per #Tonali: si cerca l'intesa tra club

#SkySport #SkyCalciomercato",,0
2.06441E+18,SkySport,https://x.com/SkySport/status/2064405477648159109,SkySport(IT),2026-06-09T17:53:15Z,"#RealMadrid, offerti 150 milioni per #JulianAlvarez: l'#AtleticoMadrid rifiuta

#SkySport #SkyCalciomercato #Calciomercato 

https://t.co/IkRhZFZMRZ",,0
2.0644E+18,SkySport,https://x.com/SkySport/status/2064400137070293118,SkySport(IT),2026-06-09T17:32:02Z,"ULTIM'ORA REAL MADRID

I Blancos hanno formulato un'offerta da 150 milioni di euro per #JulianAlvarez: l'#AtleticoMadrid ha rifiutato la proposta

#SkySport #SkyCalciomercato #Calciomercato",,0
2.06286E+18,SkySport,https://x.com/SkySport/status/2062863332231520566,SkySport(IT),2026-06-05T11:45:19Z,"ULTIM'ORA MERCATO

#Napoli, ufficiale il riscatto di Alisson Santos
Operazione da 20 milioni di euro complessivi

#SkySport #SkyCalciomercato",,0
